id,douban_id,name,year,rating
0,26363254,战狼2,2017,7.5
1,1849031,当幸福来敲门 The Pursuit of Happyness,2006,8.9
2,26289138,李雷和韩梅梅,2017,3.0
3,2567647,福音战士新剧场版：Q ヱヴァンゲリヲン新劇場版：Q,2012,8.3
4,24753810,战狼,2015,6.8
5,25815034,湄公河行动,2016,8.0
6,26260853,速度与激情8 The Fate of the Furious,2017,7.1
7,10807909,智取威虎山,2014,7.7
8,10727641,碟中谍5：神秘国度 Mission: Impossible - Rogue Nation,2015,7.7
9,23788440,杀破狼2 殺破狼2,2015,7.3
10,26270502,绣春刀II：修罗战场,2017,7.6
11,25765735,金刚狼3：殊死一战 Logan,2017,8.3
12,1578714,神奇女侠 Wonder Woman,2017,7.2
13,3025447,金蝉脱壳 Escape Plan,2013,7.6
14,1292720,阿甘正传 Forrest Gump,1994,9.4
15,1292052,肖申克的救赎 The Shawshank Redemption,1994,9.6
16,3793023,三傻大闹宝莱坞 3 Idiots,2009,9.1
17,3011091,忠犬八公的故事 Hachi: A Dog's Tale,2009,9.2
18,2209573,贫民窟的百万富翁 Slumdog Millionaire,2008,8.5
19,1298653,荒岛余生 Cast Away,2000,8.4
20,6786002,触不可及 Intouchables,2011,9.1
21,4023638,国王的演讲 The King's Speech,2010,8.3
22,3792799,岁月神偷 歲月神偷,2010,8.6
23,1292656,心灵捕手 Good Will Hunting,1997,8.7
24,26787124,青禾男高,2017,4.4
25,26831709,十七岁的雨季,2017,
26,26650037,秘果,2017,5.0
27,26290642,致青春·原来你还在这里,2016,4.0
28,26611083,在世界中心呼唤爱,2016,4.2
29,24847340,小时代3：刺金时代,2014,4.3
30,25911694,摆渡人,2016,4.0
31,26301582,微微一笑很倾城,2016,5.1
32,26323026,临时演员,2017,3.7
33,26259634,何以笙箫默,2015,3.6
34,2567646,福音战士新剧场版：破 ヱヴァンゲリヲン新劇場版：破,2009,9.2
35,1308892,新世纪福音战士剧场版：Air/真心为你 新世紀エヴァンゲリオン劇場版 Air/まごころを、君に,1997,9.4
36,3187790,空之境界 第五章 矛盾螺旋 劇場版 空の境界 第五章 矛盾螺旋,2008,9.2
37,4074292,凉宫春日的消失 涼宮ハルヒの消失,2010,9.0
38,3908423,夏日大作战 サマーウォーズ,2009,8.6
39,1291936,攻壳机动队 攻殻機動隊,1995,8.9
40,7051373,剑风传奇 黄金时代篇2：多尔多雷攻略 ベルセルク 黄金時代篇II ドルドレイ攻略,2012,8.5
41,1422063,最终幻想7：圣子降临 ファイナルファンタジーVII アドベントチルドレン,2005,8.2
42,10569151,剧场版魔法少女小圆 新篇 叛逆的故事 劇場版 魔法少女まどか☆マギカ [新編] 叛逆の物語,2013,8.8
43,1865703,红辣椒 パプリカ,2006,8.8
44,24695277,一个人的武林,2014,6.2
45,11610281,敢死队3 The Expendables 3,2014,6.7
46,20277632,飓风营救3 Taken 3,2014,6.3
47,23761370,速度与激情7 Furious 7,2015,8.3
48,3082452,狼牙,2008,6.1
49,5996801,狄仁杰之神都龙王,2013,6.5
50,25798448,解救吾先生,2015,7.8
51,24405378,王牌特工：特工学院 Kingsman: The Secret Service,2015,8.4
52,24719063,烈日灼心,2015,7.9
53,20505982,寒战2 寒戰II,2016,6.9
54,26284621,追凶者也,2016,7.6
55,1305487,猫鼠游戏 Catch Me If You Can,2002,8.7
56,26266072,谍影重重5 Jason Bourne,2016,7.3
57,25820460,美国队长3 Captain America: Civil War,2016,7.7
58,3068206,碟中谍4 Mission: Impossible - Ghost Protocol,2011,8.2
59,25919910,师父,2015,8.1
60,25823132,暗杀 암살,2015,8.0
61,3821067,一代宗师 一代宗師,2013,7.7
62,6390823,美国队长2 Captain America: The Winter Soldier,2014,7.9
63,1578507,谍影重重3 The Bourne Ultimatum,2007,8.7
64,6845667,秘密特工 The Man from U.N.C.L.E.,2015,8.0
65,1866473,蚁人 Ant-Man,2015,7.6
66,3592854,疯狂的麦克斯4：狂暴之路 Mad Max: Fury Road,2015,8.5
67,1428602,杀破狼 殺破狼,2005,7.2
68,10535562,突袭2：暴徒 The Raid 2: Berandal,2014,7.8
69,10763164,扫毒 掃毒,2013,7.2
70,10344754,毒战 毒戰,2012,7.2
71,24745500,绣春刀,2014,7.5
72,1301168,卧虎藏龙 臥虎藏龍,2000,7.9
73,26667056,逆时营救,2017,4.9
74,2303845,刺客聂隐娘,2015,7.2
75,10485647,X战警：逆转未来 X-Men: Days of Future Past,2014,8.2
76,1866479,复仇者联盟 The Avengers,2012,8.0
77,25937854,银河护卫队2 Guardians of the Galaxy Vol. 2,2017,8.2
78,3395373,蝙蝠侠：黑暗骑士崛起 The Dark Knight Rises,2012,8.5
79,4746257,明日边缘 Edge of Tomorrow,2014,8.0
80,3025375,奇异博士 Doctor Strange,2016,7.7
81,1889243,星际穿越 Interstellar,2014,9.1
82,25786060,X战警：天启 X-Men: Apocalypse,2016,7.8
83,24750534,蝙蝠侠大战超人：正义黎明 Batman v Superman: Dawn of Justice,2016,6.6
84,25894431,星球大战外传：侠盗一号 Rogue One: A Star Wars Story,2016,7.3
85,22939161,星际迷航3：超越星辰 Star Trek Beyond,2016,7.3
86,2124586,飓风营救 Taken,2008,8.2
87,6537500,速度与激情6 Furious 6,2013,7.7
88,10746175,惊天危机 White House Down,2013,7.3
89,10598440,空中营救 Non-Stop,2014,7.5
90,6040982,敢死队2 The Expendables 2,2012,6.8
91,7916027,赤焰战场2 Red 2,2013,7.1
92,1292001,海上钢琴师 La leggenda del pianista sull'oceano,1998,9.2
93,1291546,霸王别姬,1993,9.5
94,1291828,天堂电影院 Nuovo Cinema Paradiso,1988,9.1
95,1295644,这个杀手不太冷 Léon,1994,9.4
96,1295124,辛德勒的名单 Schindler's List,1993,9.4
97,1292849,拯救大兵瑞恩 Saving Private Ryan,1998,8.8
98,1292224,飞越疯人院 One Flew Over the Cuckoo's Nest,1975,9.0
99,1298624,闻香识女人 Scent of a Woman,1992,8.9
100,1292064,楚门的世界 The Truman Show,1998,9.0
101,1306249,唐伯虎点秋香 唐伯虎點秋香,1993,8.4
102,1316510,射雕英雄传之东成西就 射鵰英雄傳之東成西就,1993,8.7
103,1299398,大话西游之月光宝盒 西遊記第壹佰零壹回之月光寶盒,1995,8.9
104,1302425,喜剧之王 喜劇之王,1999,8.5
105,1297518,九品芝麻官,1994,8.1
106,1482072,穿普拉达的女王 The Devil Wears Prada,2006,7.9
107,10741643,我的个神啊 PK,2014,8.3
108,10777687,7号房的礼物 7번방의 선물,2013,8.6
109,1291560,龙猫 となりのトトロ,1988,9.1
110,21937452,素媛 소원,2013,9.1
111,4917726,阳光姐妹淘 써니,2011,8.8
112,2149806,入殓师 おくりびと,2008,8.8
113,4202302,借东西的小人阿莉埃蒂 借りぐらしのアリエッティ,2010,8.7
114,2213597,朗读者 The Reader,2008,8.5
115,1293839,罗马假日 Roman Holiday,1953,8.9
116,1292722,泰坦尼克号 Titanic,1997,9.2
117,1292274,幸福终点站 The Terminal,2004,8.6
118,4164444,127小时 127 Hours,2010,8.1
119,1309016,百万美元宝贝 Million Dollar Baby,2004,8.5
120,1419936,战争之王 Lord of War,2005,8.5
121,4798888,叫我第一名 Front of the Class,2008,8.6
122,1418519,铁拳男人 Cinderella Man,2005,8.7
123,1907966,疯狂原始人 The Croods,2013,8.7
124,10577869,时空恋旅人 About Time,2013,8.6
125,1292401,真爱至上 Love Actually,2003,8.5
126,3205624,社交网络 The Social Network,2010,8.1
127,1306029,美丽心灵 A Beautiful Mind,2001,8.9
128,5977835,桃姐,2011,8.2
129,1292063,美丽人生 La vita è bella,1997,9.5
130,1291818,饮食男女 飲食男女,1994,9.0
131,1303037,喜宴,1993,8.8
132,1291548,死亡诗社 Dead Poets Society,1989,8.9
133,1291875,阳光灿烂的日子,1994,8.7
134,3319755,怦然心动 Flipped,2010,8.9
135,1292528,猜火车 Trainspotting,1996,8.5
136,1292402,西西里的美丽传说 Malèna,2000,8.7
137,1291549,放牛班的春天 Les choristes,2004,9.2
138,26956641,小情书,2017,6.3
139,25908065,我们的十年,2016,4.8
140,26596836,以爱为名 以愛為名,2017,
141,26761334,我心雀跃,2016,6.7
142,26354526,睡在我上铺的兄弟,2016,5.0
143,27029154,北极星,2017,
144,27039657,爱情开始的地方之遇见,2017,
145,25911613,梦幻佳期,2015,3.1
146,26628239,老师也疯狂,2016,3.6
147,26959527,女人永远是对的 聖女奇緣,2017,4.0
148,26866820,斗艳,2016,3.0
149,20445319,爱你一生一世,2012,3.8
150,26354028,我们停战吧 我們停戰吧,2015,5.0
151,26386558,为爱放手,2015,3.3
152,26677981,夏天19岁的肖像,2017,4.8
153,27081814,山无棱天地合,2017,
154,26647053,一刻十年,2015,3.8
155,25830800,泡沫之夏,2016,2.6
156,26352435,指甲刀人魔,2017,4.4
157,25843976,夏有乔木 雅望天堂,2016,4.7
158,25858759,有一个地方只有我们知道,2015,4.9
159,25911595,第三种爱情,2015,5.1
160,25745752,左耳,2015,5.4
161,26411409,怦然星动,2015,4.3
162,25831308,露水红颜,2014,4.8
163,25779218,匆匆那年,2014,5.3
164,26673217,我是处女座,2016,3.0
165,26271094,谎言西西里,2016,4.8
166,25962735,既然青春留不住,2015,4.5
167,24721493,小时代2：青木时代,2013,4.9
168,24843198,同桌的妳,2014,5.8
169,25777330,闺蜜,2014,5.4
170,19973815,分手合约,2013,5.7
171,26021055,栀子花开,2015,4.1
172,25713408,一生一世,2014,5.1
173,26389069,铁道飞虎,2016,5.1
174,26290365,恶棍天使,2015,4.0
175,26389696,大闹天竺,2017,3.8
176,24879858,分手大师,2014,5.0
177,26662192,王牌逗王牌,2016,3.3
178,26320029,万万没想到,2015,5.6
179,25908042,横冲直撞好莱坞,2015,4.5
180,26334559,澳门风云3 賭城風雲III,2016,3.9
181,26284595,大话西游3,2016,3.6
182,25849475,新娘大作战,2015,3.9
183,26322809,杜拉拉追婚记,2015,5.3
184,26394441,我最好朋友的婚礼,2016,4.3
185,26287783,不期而遇,2017,3.9
186,26961684,玛格丽特的春天,2017,3.1
187,26815856,疯岳撬佳人,2017,3.3
188,26674021,爱情冻住了 我的蛋男情人,2016,5.3
189,26850326,欢乐喜剧人,2017,2.5
190,27036467,麻辣学院,2017,
191,26614395,勿忘初心,2015,2.6
192,26745210,假装看不见之电影大师,2016,2.6
193,25780584,我是女王,2015,4.1
194,26263443,恋爱中的城市,2015,5.6
195,25945356,新步步惊心,2015,4.1
196,1968790,福音战士新剧场版：序 ヱヴァンゲリヲン新劇場版：序,2007,9.1
197,1455442,新世纪福音战士剧场版：死与新生 新世紀エヴァンゲリオン劇場版 シト新生,1997,9.2
198,1297359,幽灵公主 もののけ姫,1997,8.8
199,1291585,风之谷 風の谷のナウシカ,1984,8.8
200,1307897,回忆三部曲 Memories,1995,8.8
201,1307031,星际牛仔：天国之门 カウボーイビバップ 天国の扉,2001,8.8
202,1292347,黑客帝国动画版 The Animatrix,2003,8.7
203,2354908,空之境界 第三章 痛觉残留 劇場版 空の境界 第三章 痛覚残留,2008,8.8
204,10428479,命运之夜原型 Fate/Prototype,2011,8.7
205,3227319,幸运星OVA らき☆すた OVA,2008,8.9
206,3160947,团子大家族：另一个世界 智代篇 もうひとつの世界 智代編,2008,8.5
207,2135983,空中杀手 スカイ・クロラ The Sky Crawlers,2008,8.0
208,1764361,四月一日灵异事件簿剧场版：仲夏夜之梦 劇場版xxxHOLiC 真夏ノ夜ノ夢,2005,8.5
209,5403927,轻音少女 剧场版 映画 けいおん！,2011,8.8
210,4122194,银魂剧场版：新译红樱篇 劇場版 銀魂 新訳紅桜篇,2010,9.1
211,10521690,命运石之门：横行跋扈的浪荡之徒 STEINS;GATE 横行跋扈のポリオマニア,2012,9.1
212,1937946,穿越时空的少女 時をかける少女,2006,8.6
213,1848925,恶童 鉄コン筋クリート,2006,8.6
214,1307811,魔女宅急便 魔女の宅急便,1989,8.4
215,1291583,天空之城 天空の城ラピュタ,1986,9.0
216,1291838,红猪 紅の豚,1992,8.3
217,1310177,东京教父 東京ゴッドファーザーズ,2003,8.8
218,1304970,猫的报恩 猫の恩返し,2002,7.9
219,1308807,哈尔的移动城堡 ハウルの動く城,2004,8.9
220,1291566,攻壳机动队2：无罪 攻殻機動隊2 イノセンス,2004,9.0
221,1302770,阿基拉 Akira,1988,8.3
222,1306255,人狼,1999,8.6
223,1307394,千年女优 千年女優,2001,8.5
224,7051375,剑风传奇 黄金时代篇3：降临 ベルセルク 黄金時代篇III 降臨,2013,8.7
225,2277204,异邦人：无皇刃谭 ストレンヂア 無皇刃譚,2007,8.4
226,1306982,吸血鬼猎人D Vampire Hunter D: Bloodlust,2000,8.6
227,1421884,兽兵卫忍风帖 獣兵衛忍風帖,1993,8.5
228,3727748,天元突破剧场版：螺岩篇 劇場版 天元突破グレンラガン 螺巌篇,2009,9.1
229,1448755,钢之炼金术师：香巴拉的征服者 鋼の錬金術師 シャンバラを征く者,2005,8.3
230,2354897,空之境界 第一章 俯瞰风景 劇場版 空の境界 第一章 俯瞰風景,2007,8.6
231,1308983,苹果核战记 アップルシード,2004,7.5
232,10569150,剧场版魔法少女小圆 后篇 永远的故事 劇場版 魔法少女まどか☆マギカ [後編] 永遠の物語,2012,8.9
233,11499092,空之境界 未来福音 劇場版 空の境界 未来福音,2013,9.0
234,24460604,少女与战车 剧场版 ガールズ＆パンツァー 劇場版,2015,9.0
235,4925418,伤物语1：铁血篇 傷物語Ⅰ 鉄血篇,2016,8.1
236,10727053,偶像大师特别篇：765事务所的故事 THE IDOLM@STER 765プロという物語,2012,8.5
237,25957232,双斩少女 TV未放送话 キルラキル さよならをもう一度,2014,8.8
238,1395091,未麻的部屋 Perfect Blue,1997,8.8
239,1477916,心理游戏 マインド・ゲーム,2004,8.9
240,25444447,黄飞鸿之英雄有梦,2014,5.4
241,25709273,痞子英雄2：黎明升起 痞子英雄2：黎明再起,2014,5.4
242,23126901,特殊身份,2013,3.9
243,6041199,太极侠 Man of Tai Chi,2013,5.4
244,20266753,警察故事2013,2013,5.7
245,10604851,恶战 惡戰,2014,6.2
246,1478926,龙虎门,2006,5.7
247,6973460,冰封：重生之门,2014,3.6
248,4097023,新少林寺,2011,5.8
249,20257326,极品飞车 Need for Speed,2014,7.2
250,3718269,暴力街区 Brick Mansions,2014,6.9
251,4312428,虎胆龙威5 A Good Day to Die Hard,2013,6.2
252,3018122,玩命快递3 Transporter 3,2008,6.9
253,4301181,特种部队2：全面反击 G.I. Joe: Retaliation,2013,6.4
254,11601131,家园防线 Homefront,2013,6.2
255,3606971,飓风营救2 Taken 2,2012,6.7
256,11620560,007：幽灵党 Spectre,2015,6.2
257,24718797,玩命速递：重启之战 The Transporter Refueled,2015,5.9
258,10743974,奥林匹斯的陷落 Olympus Has Fallen,2013,6.3
259,25757186,伦敦陷落 London Has Fallen,2016,6.1
260,21977761,暗夜逐仇 Run All Night,2015,6.7
261,21350962,代号47 Hitman: Agent 47,2015,5.9
262,1851857,蝙蝠侠：黑暗骑士 The Dark Knight,2008,9.0
263,1307914,无间道 無間道,2002,9.0
264,1307186,飞鹰,2004,5.2
265,2359450,夺帅 奪帥,2008,5.9
266,1302786,天脉传奇,2002,5.4
267,3792816,精武风云·陈真,2010,6.0
268,2080133,男儿本色,2007,6.8
269,2222995,硬汉,2008,6.1
270,3002819,花花型警,2008,5.7
271,3002820,神枪手 神槍手,2009,5.8
272,1939414,功夫之王 The Forbidden Kingdom,2008,5.2
273,3412830,狄仁杰之通天帝国,2010,6.4
274,4212172,十二生肖,2012,6.7
275,20388198,风暴 風暴,2013,6.4
276,10573695,太极2：英雄崛起,2012,6.0
277,25917973,心迷宫,2014,8.6
278,21360417,恐怖直播 더 테러 라이브,2013,8.7
279,3804891,无人区,2013,8.1
280,21318488,消失的爱人 Gone Girl,2014,8.7
281,25752261,女间谍 Spy,2015,7.5
282,3742360,让子弹飞,2010,8.7
283,11525673,布达佩斯大饭店 The Grand Budapest Hotel,2014,8.7
284,7065154,银河护卫队 Guardians of the Galaxy,2014,8.0
285,24743711,催眠大师,2014,7.6
286,24875534,十二公民,2014,8.2
287,6890730,寒战 寒戰,2012,7.4
288,26336253,使徒行者,2016,6.7
289,25662337,惊天魔盗团2 Now You See Me 2,2016,6.5
290,25662327,火锅英雄,2016,7.2
291,3006309,追击者 추격자,2008,8.4
292,26311973,唐人街探案,2015,7.4
293,1428175,血钻 Blood Diamond,2006,8.5
294,1301578,十一罗汉 Ocean's Eleven,2001,7.9
295,1292223,七宗罪 Se7en,1995,8.7
296,1307542,火柴人 Matchstick Men,2003,8.1
297,1292214,非常嫌疑犯 The Usual Suspects,1995,8.6
298,1292348,洛城机密 L.A. Confidential,1997,8.6
299,1760622,香水 Perfume: The Story of a Murderer,2006,8.4
300,26220717,危机13小时 13 Hours: The Secret Soldiers of Benghazi,2016,7.6
301,10741834,复仇者联盟2：奥创纪元 Avengers: Age of Ultron,2015,7.1
302,1432146,钢铁侠 Iron Man,2008,7.8
303,25864085,火星救援 The Martian,2015,8.4
304,6560058,雷神2：黑暗世界 Thor: The Dark World,2013,7.4
305,1401533,碟中谍3 Mission: Impossible III,2006,7.3
306,4286017,速度与激情5 Fast Five,2011,8.4
307,1292728,勇闯夺命岛 The Rock,1996,8.5
308,1292659,变脸 Face/Off,1997,8.4
309,7564989,箭士柳白猿,2012,7.2
310,1292287,新龙门客栈 新龍門客棧,1992,8.4
311,6425116,倭寇的踪迹,2011,7.1
312,6886518,柏林 베를린,2013,7.3
313,5502697,夺宝联盟 도둑들,2012,7.1
314,25728010,老手 베테랑,2015,7.5
315,20388224,绝密跟踪 감시자들,2013,7.6
316,1292328,东邪西毒 東邪西毒,1994,8.6
317,1291580,杀死比尔 Kill Bill: Vol. 1,2003,8.1
318,3231742,钢铁侠3 Iron Man 3,2013,7.5
319,3642843,星际迷航2：暗黑无界 Star Trek Into Darkness,2013,7.9
320,6082518,超凡蜘蛛侠2 The Amazing Spider-Man 2,2014,7.3
321,1308767,谍影重重2 The Bourne Supremacy,2004,8.5
322,1947549,生死狙击 Shooter,2007,7.7
323,1300618,空中监狱 Con Air,1997,8.1
324,1292697,虎胆龙威 Die Hard,1988,8.1
325,1292553,真实的谎言 True Lies,1994,8.1
326,1806555,热血警探 Hot Fuzz,2007,8.3
327,3718279,死侍 Deadpool,2016,7.5
328,24750126,荒蛮故事 Relatos salvajes,2014,8.7
329,10440138,侏罗纪世界 Jurassic World,2015,7.7
330,1291843,黑客帝国 The Matrix,1999,8.8
331,1309046,V字仇杀队 V for Vendetta,2005,8.8
332,2044102,导火线 導火線,2007,6.9
333,1292895,精武英雄,1994,8.1
334,1308713,拳霸 องค์บาก,2003,7.8
335,1299250,给爸爸的信 給爸爸的信,1995,7.6
336,3041806,叶问 葉問,2008,7.5
337,1297068,中南海保镖,1994,7.3
338,1300303,我是谁 我是誰,1998,7.3
339,1417555,冬荫功 ต้มยำกุ้ง,2005,7.2
340,1296011,红番区 紅番區,1995,7.3
341,6771529,突袭 The Raid,2011,7.5
342,1292326,暴力街区 Banlieue 13,2004,8.0
343,4304402,精英部队2：大敌当前 Tropa de Elite 2 - O Inimigo Agora É Outro,2010,8.7
344,26333560,疾速特攻 John Wick: Chapter Two,2017,7.3
345,3012013,伸冤人 The Equalizer,2014,7.4
346,4133814,线人 線人,2010,7.3
347,11510624,全民目击,2013,7.6
348,3312344,证人,2008,7.2
349,11501396,边境风云,2012,7.7
350,3532614,夺命金 奪命金,2011,7.2
351,2027938,神探,2007,8.4
352,1890784,门徒 門徒,2007,7.5
353,1299782,非常突然,1998,8.0
354,3412882,窃听风云 竊聽風雲,2009,7.4
355,1294417,笑傲江湖2：东方不败 笑傲江湖II東方不敗,1992,8.3
356,4896304,龙门飞甲,2011,6.7
357,1298443,黄飞鸿 黃飛鴻,1991,7.9
358,1306123,英雄,2002,6.8
359,1297763,方世玉,1993,7.7
360,1306490,侠女 俠女,1970,8.4
361,26313973,我是证人,2015,6.1
362,27034867,异兽来袭,2017,
363,25824686,变形金刚5：最后的骑士 Transformers: The Last Knight,2017,4.9
364,26266924,中国推销员,2017,4.2
365,26602933,绑架者,2017,4.9
366,26365631,冲天火,2016,3.6
367,26589957,守护者：世纪战元 Защитники,2017,4.0
368,25881615,超凡战队 Power Rangers,2017,4.7
369,26757373,捉迷藏,2016,5.4
370,1459054,龙门客栈 龍門客棧,1967,8.0
371,1303451,海上花,1998,8.0
372,1301136,空山灵雨 空山靈雨,1979,8.4
373,1307898,迎春阁之风波 迎春閣之風波,1973,8.2
374,3168089,X战警：第一战 X-Men: First Class,2011,8.1
375,1652587,阿凡达 Avatar,2009,8.6
376,1794171,变形金刚 Transformers,2007,8.1
377,1309069,蝙蝠侠：侠影之谜 Batman Begins,2005,8.2
378,3075287,源代码 Source Code,2011,8.3
379,5323968,环太平洋 Pacific Rim,2013,7.6
380,3793783,地心引力 Gravity,2013,7.8
381,25726614,神奇动物在哪里 Fantastic Beasts and Where to Find Them,2016,7.8
382,3541415,盗梦空间 Inception,2010,9.2
383,2300586,这个男人来自地球 The Man from Earth,2007,8.5
384,2049435,超人：钢铁之躯 Man of Steel,2013,6.8
385,1972698,守望者 Watchmen,2009,8.0
386,20326665,星球大战7：原力觉醒 Star Wars: The Force Awakens,2015,7.1
387,21324900,降临 Arrival,2016,7.7
388,1401535,虎胆龙威4 Live Free or Die Hard,2007,7.6
389,2132930,速度与激情4 Fast & Furious,2009,7.6
390,3104794,赤焰战场 Red,2010,7.5
391,2174535,天龙特攻队 The A-Team,2010,7.6
392,3279080,敢死队 The Expendables,2010,6.7
393,1440855,第一滴血4 Rambo,2008,7.2
394,3006783,机械师 The Mechanic,2011,6.9
395,1306737,极限特工 xXx,2002,7.3
396,3024838,独行侠 The Lone Ranger,2013,7.0
397,1419974,玩命快递2 Transporter 2,2005,7.2
398,1300267,乱世佳人 Gone with the Wind,1939,9.2
399,1292679,春光乍泄 春光乍洩,1997,8.8
400,1297447,倩女幽魂,1987,8.6
401,1303021,小鞋子 بچههای آسمان,1997,9.2
402,1292215,天使爱美丽 Le fabuleux destin d'Amélie Poulain,2001,8.7
403,1291858,鬼子来了,2000,9.2
404,1900841,窃听风暴 Das Leben der Anderen,2006,9.1
405,1296736,钢琴家 The Pianist,2002,9.0
406,1291824,黑鹰坠落 Black Hawk Down,2001,8.5
407,1293182,十二怒汉 12 Angry Men,1957,9.4
408,1292365,活着,1994,9.1
409,1293351,食神,1996,7.7
410,1297223,鹿鼎记 鹿鼎記,1992,7.8
411,1307739,国产凌凌漆 國產凌凌漆,1994,8.1
412,1329936,大内密探零零发 大內密探零零發,1996,7.6
413,1302090,逃学威龙 逃學威龍,1991,7.5
414,1297863,武状元苏乞儿,1992,7.4
415,1291543,功夫,2004,7.9
416,1303173,甲方乙方,1997,8.2
417,1292213,大话西游之大圣娶亲 西遊記大結局之仙履奇緣,1995,9.2
418,1300498,百变星君 百變星君,1995,7.2
419,1298644,赌圣 賭聖,1990,7.4
420,1305355,审死官 審死官,1992,7.4
421,1305065,公主日记 The Princess Diaries,2001,7.5
422,1293088,小鬼当家 Home Alone,1990,8.1
423,1304854,律政俏佳人 Legally Blonde,2001,7.2
424,1291550,天下无贼,2004,7.6
425,1292286,我的野蛮女友 엽기적인 그녀,2001,8.1
426,19945757,偶滴神啊 OMG: Oh My God!,2012,8.4
427,25964071,夏洛特烦恼,2015,7.4
428,24879820,奇怪的她 수상한 그녀,2014,8.3
429,25662329,疯狂动物城 Zootopia,2016,9.2
430,4915857,神偷奶爸2 Despicable Me 2,2013,8.0
431,6019180,开心家族 헬로우 고스트,2010,8.5
432,4861627,和声 하모니,2010,8.5
433,4230918,结婚礼服 웨딩드레스,2010,8.4
434,5908478,我爱你 그대를 사랑합니다,2011,9.0
435,1291561,千与千寻 千と千尋の神隠し,2001,9.2
436,1293359,菊次郎的夏天 菊次郎の夏,1999,8.7
437,21937445,辩护人 변호인,2013,9.1
438,25798222,亲爱的,2014,8.3
439,25814705,小森林 夏秋篇 リトル・フォレスト 夏・秋,2014,8.9
440,1308575,蓝色大门 藍色大門,2002,8.3
441,4739952,初恋这件小事 สิ่งเล็กเล็กที่เรียกว่า...รัก,2010,8.2
442,5960606,再见我们的幼儿园 さよならぼくたちのようちえん,2011,8.7
443,4920528,那些年，我们一起追的女孩 那些年，我們一起追的女孩,2011,8.1
444,1787291,被嫌弃的松子的一生 嫌われ松子の一生,2006,8.9
445,1959877,悬崖上的金鱼姬 崖の上のポニョ,2008,8.2
446,1297052,侧耳倾听 耳をすませば,1995,8.8
447,2129039,飞屋环游记 Up,2009,8.9
448,4848115,你看起来好像很好吃 おまえうまそうだな,2010,8.8
449,5989818,萤火之森 蛍火の杜へ,2011,8.7
450,2037012,革命之路 Revolutionary Road,2008,8.0
451,1291999,重庆森林 重慶森林,1994,8.6
452,1296339,爱在黎明破晓前 Before Sunrise,1995,8.7
453,1308817,两小无猜 Jeux d'enfants,2003,8.1
454,1291557,花样年华 花樣年華,2000,8.5
455,3072086,和莎莫的500天 (500) Days of Summer,2009,8.0
456,1485260,本杰明·巴顿奇事 The Curious Case of Benjamin Button,2008,8.7
457,1291853,英国病人 The English Patient,1996,8.4
458,1305164,甜蜜蜜,1996,8.7
459,1293964,魂断蓝桥 Waterloo Bridge,1940,8.8
460,1296753,卡萨布兰卡 Casablanca,1942,8.6
461,1418200,傲慢与偏见 Pride & Prejudice,2005,8.4
462,1325958,蒂凡尼的早餐 Breakfast at Tiffany's,1961,8.1
463,1294408,音乐之声 The Sound of Music,1965,8.9
464,1292370,剪刀手爱德华 Edward Scissorhands,1990,8.7
465,1418834,断背山 Brokeback Mountain,2005,8.6
466,1298038,诺丁山 Notting Hill,1999,7.9
467,1309172,初恋50次 50 First Dates,2004,7.9
468,1309163,恋恋笔记本 The Notebook,2004,8.5
469,3023164,点球成金 Moneyball,2011,8.2
470,2056093,斗士 The Fighter,2010,7.9
471,3236904,自闭历程 Temple Grandin,2010,8.8
472,1293050,永不妥协 Erin Brockovich,2000,8.3
473,1307535,奔腾年代 Seabiscuit,2003,8.4
474,1291832,低俗小说 Pulp Fiction,1994,8.7
475,1301726,兵临城下 Enemy at the Gates,2001,8.3
476,1433990,风雨哈佛路 Homeless to Harvard: The Liz Murray Story,2003,8.1
477,2363506,地球上的星星 Taare Zameen Par,2007,8.8
478,3552028,弱点 The Blind Side,2009,8.4
479,1294753,追梦赤子心 Rudy,1993,8.8
480,1292943,光辉岁月 Remember the Titans,2000,8.6
481,1457219,光荣之路 Glory Road,2006,8.5
482,2136824,成事在人 Invictus,2009,8.1
483,1309017,卡特教练 Coach Carter,2005,8.3
484,3287562,神偷奶爸 Despicable Me,2010,8.5
485,6534248,无敌破坏王 Wreck-It Ralph,2012,8.6
486,4202982,冰雪奇缘 Frozen,2013,8.3
487,1291579,"怪兽电力公司 Monsters, Inc.",2001,8.6
488,11026735,超能陆战队 Big Hero 6,2014,8.6
489,3731581,里约大冒险 Rio,2011,8.4
490,2353023,驯龙高手 How to Train Your Dragon,2010,8.7
491,1291578,冰川时代 Ice Age,2002,8.4
492,3233635,功夫熊猫2 Kung Fu Panda 2,2011,8.0
493,10808442,爱在午夜降临前 Before Midnight,2013,8.7
494,4191644,一天 One Day,2011,7.8
495,6722879,她 Her,2013,8.3
496,2161696,他其实没那么喜欢你 He's Just Not That Into You,2009,7.7
497,4305436,志明与春娇 志明與春嬌,2010,8.0
498,1304585,BJ单身日记 Bridget Jones's Diary,2001,7.5
499,3077791,在云端 Up in the Air,2009,7.9
500,6803494,极速风流 Rush,2013,8.8
501,2336737,米尔克 Milk,2008,8.3
502,10463953,模仿游戏 The Imitation Game,2014,8.5
503,1309070,飞行家 The Aviator,2004,7.9
504,1866264,女王 The Queen,2006,7.7
505,1293399,莫扎特传 Amadeus,1984,8.6
506,6549903,逃离德黑兰 Argo,2012,8.2
507,3077668,天水围的日与夜 天水圍的日與夜,2008,8.5
508,1291870,雨人 Rain Man,1988,8.6
509,1306939,推手,1991,8.4
510,1292434,一一,2000,8.9
511,2222996,步履不停 歩いても 歩いても,2008,8.8
512,5964718,一次别离 جدایی نادر از سیمین,2011,8.7
513,1308162,女人四十 女人，四十,1995,8.8
514,1291568,东京物语 東京物語,1953,9.2
515,1777612,阳光小美女 Little Miss Sunshine,2006,8.2
516,1300685,克莱默夫妇 Kramer vs. Kramer,1979,8.5
517,2209575,少年时代 Boyhood,2014,8.5
518,1291847,十七岁的单车,2001,7.7
519,1292329,牯岭街少年杀人事件 牯嶺街少年殺人事件,1991,8.7
520,1309004,孔雀,2005,7.9
521,1291851,小武,1997,8.3
522,1292220,情书 Love Letter,1995,8.8
523,1292275,罗拉快跑 Lola rennt,1998,8.1
524,1292233,发条橙 A Clockwork Orange,1971,8.4
525,2132495,朱诺 Juno,2007,7.9
526,26775951,我们毕业啦,2016,2.7
527,26955971,热血少女,2017,
528,26920219,恋恋有声,2017,
529,26345736,女汉子真爱公式,2016,4.7
530,26345159,半熟少女,2016,3.2
531,26378133,海角有个五店市,2017,4.5
532,27003544,黑白照相馆,2014,
533,26779288,美容针,2017,3.9
534,26303497,爱情不等式,2016,
535,25926252,简单爱,2014,2.9
536,26704592,点五步 點五步,2016,6.5
537,25876760,少年巴比伦,2015,6.8
538,26847079,那年我们18岁,2016,3.1
539,24753687,少女哪吒,2014,6.4
540,25975241,爱上女主播,2014,5.2
541,24702274,信赖 Förtroligheten,2013,6.0
542,26877237,29+1,2016,7.3
543,24752295,青春小说,2013,6.1
544,26290367,谁的青春不迷茫,2016,6.4
545,25886500,年少轻狂,2015,3.8
546,24847343,小时代4：灵魂尽头,2015,4.6
547,26761459,丫丫的夏,2017,
548,26782636,乡关何处,2016,
549,26793348,自我救赎,2016,3.1
550,26425079,走出尘埃,2016,5.3
551,26996478,唤爱,2015,
552,27061554,再见时光,2017,5.1
553,26351519,爱在深秋 愛在深秋,2016,4.2
554,26369910,恋爱教父之三个“坏”家伙,2016,3.2
555,25968017,诱惑单行道,2014,3.2
556,26378829,天亮·分手,2012,2.7
557,26280073,向阳花开,2014,3.9
558,6984059,纯真年代,2015,2.7
559,26686166,同城邂逅,2016,3.6
560,24872203,俐侎阿朵,2013,5.0
561,26265176,致青春兄弟篇,2014,3.5
562,25758654,纯纯欲动,2013,3.4
563,26935498,扭转钱坤 Coin Heist,2017,5.0
564,26820461,东京不热,2016,4.6
565,26996614,忍者传说之高校争霸,2017,4.5
566,25710956,花开与你的半夏,2014,4.4
567,26972691,那女孩真帅,2017,4.3
568,26836811,失恋399年,2017,
569,26707851,人生按个赞 人生按個讚,2016,3.9
570,26696441,被劫持的爱情,2016,5.1
571,25830345,Huat啊! Huat啊! 发! Huat Ah! Huat Ah! Huat!,2014,4.9
572,26429879,我不做大哥好多年 大尾鱸鰻2,2016,5.2
573,26729855,咸鱼传奇,2017,2.6
574,26931207,恋,2016,
575,26220159,分手木马计,2014,3.2
576,25772404,我不靠谱的白马王子,2013,4.1
577,25899569,雇佣老公,2014,3.1
578,25945400,爱情终结战,2014,3.0
579,26948510,爱上女蒲团2,2017,2.8
580,26325638,完美约会,2015,3.4
581,26325490,海岛之恋,2015,2.9
582,26005640,分手，不分手,2014,2.9
583,10355333,"傻瓜爱情 I, Me aur Main",2012,5.5
584,20429432,我的狗狗我的爱,2012,5.3
585,26985404,当下完美 แค่นี้ก็ดีแล้ว,2017,4.9
586,26295921,被称作海贼的男人 海賊とよばれた男,2016,6.4
587,26873291,T台魔王,2016,2.3
588,26697532,小阴谋大爱情,2017,2.7
589,26263919,谋杀似水年华,2016,3.8
590,24875658,我的青春期,2015,5.8
591,26616894,青春逗,2017,
592,26351867,六弄咖啡馆,2016,6.4
593,26412618,六人晚餐,2017,5.5
594,26339762,不能错过,2015,2.6
595,26336301,菜鸟,2014,4.6
596,26688299,猿创世界之熊孩子部落,2016,5.5
597,26106956,非你勿扰,2015,2.7
598,26639463,我的处女地,2015,2.8
599,25767590,我是奋青,2015,4.1
600,26660996,超能荷尔蒙,2015,3.5
601,25918676,时间都去哪了,2015,3.5
602,26637534,奔爱,2016,3.7
603,26425081,合约男女,2017,4.4
604,26602368,我的极品女神,2016,4.0
605,26140241,咱们结婚吧,2015,6.0
606,26279433,剩者为王,2015,5.6
607,7003416,冲上云霄 衝上雲霄,2015,4.4
608,24743728,夜孔雀,2015,4.7
609,25872931,万物生长,2015,5.8
610,20513059,被偷走的那五年,2013,5.8
611,26854554,爱上处女座,2016,2.6
612,26865401,看见我和你,2016,2.7
613,20376577,小时代,2013,4.7
614,6557144,青春期,2011,4.1
615,24736566,北京爱情故事,2014,6.1
616,25834473,我的早更女友,2014,5.5
617,5319835,101次求婚,2013,5.6
618,20444530,我想和你好好的,2013,5.8
619,5290729,全球热恋,2011,5.6
620,6782006,我愿意,2012,5.8
621,26219652,少年班,2015,5.7
622,21359619,单身男女2 單身男女II,2014,5.3
623,25789352,触不可及,2014,5.3
624,26182910,功夫瑜伽,2017,5.1
625,24529353,绝地逃亡 Skiptrace,2016,5.5
626,26691509,东北往事之破马张飞,2017,3.6
627,26607739,极限挑战之皇家宝藏,2016,4.3
628,25710912,港囧,2015,5.7
629,11614603,整容日记,2014,4.5
630,25881786,前任2：备胎反击战,2015,5.0
631,26279120,从天“儿”降,2015,3.4
632,26711487,决战食神,2017,4.7
633,10605978,私人订制,2013,5.6
634,11625097,澳门风云 賭城風雲,2014,5.7
635,10604486,不二神探,2013,4.6
636,4881607,撒娇女人最好命,2014,5.8
637,16475702,一夜惊喜,2013,5.5
638,25831326,临时同居 失戀急讓,2014,5.0
639,26651353,超级快递,2016,4.5
640,26219893,快手枪手快枪手,2016,5.1
641,25895276,煎饼侠,2015,6.1
642,4323732,大笑江湖,2010,4.5
643,25858785,澳门风云2 賭城風雲II,2015,5.6
644,21941770,赏金猎人,2016,5.0
645,24743712,有种你爱我,2015,4.7
646,24751757,微爱之渐入佳境,2014,4.6
647,26012321,我的新野蛮女友 엽기적인 그녀 2,2016,3.4
648,26607928,那件疯狂的小事叫爱情,2016,3.9
649,25880256,奇葩追梦,2016,3.0
650,26865958,蒙圈天使,2017,2.9
651,26991765,鸡飞狗跳,2017,
652,26866836,五女闹京城,2016,2.8
653,26869052,小明和他的小伙伴们,2016,4.1
654,27039022,超级大山炮之夺宝奇兵,2017,3.2
655,26263844,红包,2014,6.2
656,26828215,人在驴途,2016,3.4
657,26711085,岛囧,2016,2.5
658,26646406,男二本色,2015,3.6
659,26806651,练胆儿,2016,4.5
660,26735613,房事百科,2016,3.5
661,26591459,失眠男女,2016,2.9
662,24743709,北京纽约,2015,4.2
663,24697960,爱在晚晴天,2013,5.3
664,25907004,坏姐姐之拆婚联盟,2014,4.5
665,1303907,百变狸猫 平成狸合戦ぽんぽこ,1994,8.4
666,1293318,萤火虫之墓 火垂るの墓,1988,8.7
667,5162334,她的回忆 彼女の想いで,1995,8.6
668,1457127,迷宫物语 迷宮物語,1987,8.1
669,1291569,大都会 メトロポリス,2001,8.2
670,1870128,攻壳机动队SSS 攻殻機動隊 STAND ALONE COMPLEX Solid State Society,2006,8.8
671,2035594,天才嘉年华 Genius Party,2007,8.8
672,1417073,最后的吸血鬼 BLOOD THE LAST VAMPIRE,2000,7.7
673,2049553,机器的复兴：第1部 The Second Renaissance Part I,2003,9.1
674,2049559,世界纪录 World Record,2003,9.0
675,1961961,超越极限 Beyond,2003,8.8
676,1900321,少年故事 Kid's Story,2003,8.9
677,2049560,侦探的故事 A Detective Story,2003,8.8
678,2049547,虚拟程序 Program,2003,8.7
679,2049545,终极战役 Final Flight of the Osiris,2003,8.4
680,2354900,空之境界 第二章 杀人考察（前） 劇場版 空の境界 第二章 殺人考察（前）,2007,8.6
681,10453725,幻想嘉年华特别篇 カーニバル・ファンタズム EX Season,2011,8.6
682,3399553,空之境界 第七章 杀人考察（后） 劇場版 空の境界 第七章 殺人考察（後）,2009,9.0
683,10174444,剧场版魔法少女小圆 前篇 起始的故事 劇場版 魔法少女まどか☆マギカ [前編] 始まりの物語,2012,8.7
684,5992987,无头骑士异闻录：天下泰平 デュラララ!! 第25話 天下泰平,2011,8.7
685,3993632,命运之夜剧场版 劇場版 Fate / stay night - UNLIMITED BLADE WORKS,2010,7.2
686,6110549,京骚戏画 京騒戯画,2011,8.1
687,5337533,四月一日灵异事件簿·笼 xxxHOLiC・籠,2010,9.0
688,6829661,因果论 UN-GO episode:0 因果論,2011,8.0
689,3658905,鹤屋和熏干酪 にょろーん ちゅるやさん,2009,8.0
690,2224444,草莓棉花糖 OVA第1卷 苺ましまろ Original Video Animation 1巻,2007,8.8
691,3993189,轻音少女番外篇：Live House! けいおん! 番外編 ライブハウス!,2010,8.8
692,2305534,向阳素描 OVA ひだまり スケッチ 特別編,2007,8.5
693,6026060,日常の0話,2011,8.3
694,3217118,天元突破剧场版：红莲篇 劇場版 天元突破グレンラガン 紅蓮篇,2008,8.5
695,4821032,变态生理研讨会OVA 変ゼミ OVA,2010,7.7
696,3927686,团子大家族：另一个世界 杏篇 もうひとつの世界 杏編,2009,8.4
697,3629189,青空夏季篇 前篇：山路 AIR in Summer 前編 やまみち,2005,8.4
698,6886526,天使的心跳：另一个后记 Angel Beats! ANOTHER EPILOGUE,2010,7.7
699,3239699,战队长悠哉游哉的一天 わりとヒマな戦隊長の一日,2006,8.0
700,4901698,某科学的超电磁炮OVA とある科学の超電磁砲 御坂さんはいま注目の的ですから,2010,8.1
701,1449328,机动警察剧场版2 機動警察パトレイバー 2,1993,8.6
702,3154176,四月一日灵异事件簿：春梦记 前篇 xxxHOLiC 春夢記 前編,2009,8.7
703,3282388,翼：春雷记 ツバサ 春雷記,2009,8.4
704,1507076,翼·年代记 剧场版 鸟笼国的公主 劇場版 ツバサ・クロニクル 鳥カゴの国の姫君,2005,7.3
705,3077701,空之境界 第四章 伽蓝之洞 劇場版 空の境界 第四章 伽藍の洞,2008,8.7
706,1401538,X战记 剧场版 X -エックス-,1996,7.5
707,1868515,奇诺之旅 活着的目标 生活继续 キノの旅 何かをするために -life goes on.-,2005,8.7
708,11639344,冰菓OAD 氷菓OAD,2013,8.3
709,10759861,花开伊吕波剧场版：甜蜜的家 劇場版 花咲くいろは HOME SWEET HOME,2013,8.5
710,20491393,中二病也要谈恋爱！ 闪耀的圣爆诞祭 中二病でも恋がしたい！ 煌めきの…聖爆誕祭,2013,8.2
711,7564986,龙与虎OVA：便当的精髓 とらドラ!OVA 弁当の极意,2011,8.2
712,4236817,银魂：白夜叉降诞预告 劇場版 銀魂 〜白夜叉降誕〜 予告篇,2008,9.5
713,5384550,世界第一初恋：小野寺律的场合 世界一初恋 OVA 小野寺律の場合,2011,8.7
714,10767534,召唤恶魔阿萨谢尔OAD：路西法篇 よんでますよ、アザゼルさん。 ルシファー編,2012,9.0
715,3915458,海贼王剧场版10：强者天下 ONE PIECE FILM STRONG WORLD,2009,8.6
716,6844861,命运石之门剧场版：负荷领域的既视感 劇場版 STEINS;GATE 負荷領域のデジャヴ,2013,8.6
717,4160477,夏娃的时间 イヴの時間,2010,8.5
718,2043546,秒速5厘米 秒速5センチメートル,2007,8.3
719,1291565,疯狂约会美丽都 Les triplettes de Belleville,2003,8.7
720,1457707,猫汤 ねこぢる草,2001,8.7
721,1297131,圣诞夜惊魂 The Nightmare Before Christmas,1993,8.2
722,1962116,我在伊朗长大 Persepolis,2007,8.6
723,1851187,捉迷藏 カクレンボ,2005,7.9
724,1921583,魔术师 L'illusionniste,2010,8.7
725,1291588,岁月的童话 おもひでぽろぽろ,1991,8.5
726,1291576,蒸汽男孩 スチームボーイ,2004,7.7
727,1299701,机器人嘉年华 ロボットカーニバル,1987,8.3
728,3903715,红线 Redline,2010,8.4
729,3055044,吸血鬼猎人D Vampire Hunter D,1985,8.4
730,1441644,妖兽都市 妖獣都市,1987,7.4
731,1947265,落叶 Dead Leaves,2004,8.6
732,5915807,飞跃巅峰！飞跃巅峰2！合体剧场版 トップをねらえ！＆トップをねらえ2！合体劇場版！！,2006,8.9
733,1455454,机动战舰剧场版：暗黑王子 機動戦艦ナデシコ The prince of darkness,1998,8.6
734,3543915,交响诗篇Eureka Seven彩虹满载 交響詩篇エウレカセブン ポケットが虹でいっぱい,2009,7.5
735,4111521,枪神 剧场版 劇場版 TRIGUN Badlands Rumble,2010,8.1
736,5298995,钢之炼金术师：叹息之丘的圣星 鋼の錬金術師 嘆きの丘の聖なる星,2011,7.3
737,1763916,浪客剑心：星霜篇 るろうに剣心 -明治剣客浪漫譚- 星霜編,2001,8.0
738,2123782,苹果核战记2 エクスマキナ,2007,7.5
739,2035642,2077日本锁国 ベクシル 2077日本鎖国,2007,7.1
740,1467778,机动警察剧场版1 機動警察パトレイバー the Movie,1989,8.2
741,24861238,空之境界 未来福音 extra chorus 劇場版 空の境界 未来福音 extra chorus,2013,9.0
742,25827272,摇曳百合OVA：暑假时光 ゆるゆり なちゅやちゅみ！,2014,8.2
743,25774760,虫师：蚀日之翳 蟲師 日蝕む翳,2014,9.3
744,25772498,少女与战车OVA：这次是真正的安齐奥战 ガールズ&パンツァー これが本当のアンツィオ戦です!,2014,8.7
745,21351041,偶像大师剧场版：前往光辉的彼端 THE IDOLM@STER MOVIE 輝きの向こう側へ！,2014,8.2
746,26331548,第三飞行少女队 第三飛行少女隊,2015,8.0
747,20266597,小魔法学园 リトル ウィッチ アカデミア,2013,8.6
748,26616166,吹响悠风号 TV未放送回 響け！ユーフォニアム かけだすモナカ,2015,8.9
749,5345426,强袭魔女 剧场版 ストライクウィッチーズ 劇場版,2012,7.4
750,10864735,勇猛宇宙海贼：亚空间之深渊 モーレツ宇宙海賊 ABYSS OF HYPERSPACE -亜空の深淵-,2014,7.5
751,20471024,宇宙战舰大和号2199 第三章“无尽的航海” 宇宙戦艦ヤマト2199 第三章「果てしなき航海」,2012,8.8
752,19897564,女子落 OAD じょしらく OAD,2013,8.7
753,26635319,伤物语2：热血篇 傷物語Ⅱ 熱血篇,2016,8.2
754,26605865,伪恋OAD：新婚/魔法甜点师小咲酱!! ニセコイ シンコン/マジカルパティシエ小咲ちゃん!!,2016,7.2
755,25702678,小魔女学园：魔法游行 リトルウィッチアカデミア 魔法仕掛けのパレード,2015,8.6
756,10527244,百合星人奈绪子 OVA 百合星人ナオコサン OVA,2012,7.9
757,26348171,"Wake Up, Girls! 超越深限 Wake Up, Girls! Beyond the Bottom",2015,7.5
758,5298994,剧场版光之美少女HeartCatch PreCure! 映画 ハートキャッチプリキュア! 花の都でファッションショー…ですか!?,2010,8.9
759,26315237,玉响完结篇第三部：憧 たまゆら 卒業写真 第3部 憧 あこがれ,2015,8.1
760,6900096,放浪男孩OVA 只有我被笑话 ～Black Sheep～ 放浪息子 ぼくだけ笑われた ～Black sheep～,2011,8.7
761,25779156,悠哉日常大王 OAD のんのんびより OAD 沖縄へ行くことになった,2014,8.9
762,25852254,属性同好会 OAD ディーふらぐ！OAD ウォーター!!,2014,7.6
763,25812276,魔女的使命 OAD ウィッチクラフトワークス 多華宮君と妹の悪巧み,2015,7.5
764,19973806,摔跤的罗密欧与朱丽叶 キックハート,2013,8.4
765,6957273,大武当之天地密码,2012,3.8
766,10604893,四大名捕大结局,2014,4.7
767,4154669,痞子英雄之全面开战 痞子英雄,2012,6.4
768,3305722,刺陵,2009,3.7
769,10604892,四大名捕2,2013,4.8
770,25837175,谜城,2015,5.5
771,22555690,冲锋战警 衝鋒戰警,2013,4.1
772,3874981,全城戒备,2010,4.4
773,10828426,绝色武器,2012,3.9
774,5364905,天机·富春山居图,2013,2.9
775,4118068,功夫侠,2013,3.7
776,19975090,金刚王：死亡救赎,2013,5.3
777,1303693,防弹武僧 Bulletproof Monk,2003,5.2
778,6890737,光辉岁月,2013,4.6
779,19966126,功夫战斗机,2013,3.2
780,6529847,冬荫功2：拳霸天下 ต้มยำกุ้ง 2,2013,5.4
781,4826765,拳霸3 องค์บาก 3,2010,4.9
782,10829449,街头之王,2012,4.8
783,1294365,特警屠龙 特警屠龍,1988,6.3
784,1308110,飞龙再生 飛龍再生,2003,5.7
785,1393479,韩城攻略,2005,6.0
786,5317291,西游记之大闹天宫,2014,4.1
787,6849071,铁血娇娃,2013,3.4
788,3736637,苏乞儿 蘇乞兒,2010,4.7
789,4134631,叶问前传,2010,5.7
790,1947091,三国之见龙卸甲,2008,5.1
791,3114109,暴力街区13：终极 Banlieue 13 - Ultimatum,2009,7.4
792,3775167,铁血精英 Killer Elite,2011,6.4
793,1309209,极限特工2 xXx: State of the Union,2005,6.5
794,6875647,帕克 Parker,2013,6.3
795,3001077,谍影重重4 The Bourne Legacy,2012,6.7
796,1507151,游侠 War,2007,6.3
797,2132412,死亡飞车 Death Race,2008,7.4
798,1946882,007：大破量子危机 Quantum of Solace,2008,6.4
799,3718424,金刚狼2 The Wolverine,2013,6.1
800,2223596,特种部队：眼镜蛇的崛起 G.I. Joe: The Rise of Cobra,2009,7.2
801,7054604,变形金刚4：绝迹重生 Transformers: Age of Extinction,2014,6.6
802,6532822,生化危机5：惩罚 Resident Evil: Retribution,2012,5.6
803,1584750,神奇四侠2 Fantastic 4: Rise of the Silver Surfer,2007,6.2
804,10487568,蜂鸟特攻 Hummingbird,2013,6.2
805,5151891,暂告安全 Safe,2012,6.2
806,10486471,怒火保镖 Wild Card,2015,5.2
807,3238087,玩命追踪 Blitz,2011,6.1
808,25825412,机械师2：复活 Mechanic: Resurrection,2016,5.6
809,25749872,绝命盗窃 Momentum,2015,5.8
810,10792320,谍影特工 The November Man,2014,6.3
811,20379462,使命召唤 The Gunman,2015,5.8
812,4156402,背水一战 The Last Stand,2013,6.8
813,25789402,侠探杰克：永不回头 Jack Reacher: Never Go Back,2016,5.9
814,25809384,极盗者 Point Break,2015,6.8
815,3170961,双龙出手 2 Guns,2013,6.5
816,12012475,行过死荫之地 A Walk Among the Tombstones,2014,6.3
817,20503269,三日刺杀 3 Days to Kill,2014,6.3
818,25798131,疾速追杀 John Wick,2014,7.1
819,4014396,神奇四侠2015 Fantastic Four,2015,4.2
820,25800699,幸存者 Survivor,2015,5.8
821,1291844,终结者2：审判日 Terminator 2: Judgment Day,1991,8.5
822,3006772,第九区 District 9,2009,8.2
823,1307106,无间道2 無間道II,2003,8.3
824,1291841,教父 The Godfather,1972,9.2
825,1297574,英雄本色,1986,8.7
826,1300741,枪火 鎗火,1999,8.6
827,1309220,黑社会 黑社會,2005,7.9
828,1962508,双子神偷 雙子神偷,2007,5.4
829,1858270,生死格斗 DOA: Dead or Alive,2006,5.1
830,1364764,精武家庭,2005,5.6
831,1298104,雷霆战警,2000,5.8
832,1298869,神偷次世代,2000,5.8
833,1897368,生死拳 黑拳,2006,6.6
834,3230460,夺标 奪標,2008,5.3
835,1297670,致命罗密欧 Romeo Must Die,2000,5.9
836,3754946,锦衣卫,2010,5.9
837,1306160,新警察故事,2004,7.2
838,1299048,特警新人类,1999,6.3
839,1308482,双雄 雙雄,2003,6.4
840,1441602,霍元甲,2006,6.6
841,4917698,硬汉2：奉陪到底,2011,6.4
842,3993708,火龙对决,2010,6.1
843,1302164,特警新人类2：机动任务,2000,5.9
844,1307740,千机变,2003,5.7
845,1308722,十面埋伏,2004,5.6
846,3813779,剑雨,2010,6.9
847,4942776,武侠,2011,6.6
848,10574622,人再囧途之泰囧,2012,7.5
849,1859036,宝贝计划 寶貝計劃,2006,7.1
850,3179758,邻家特工 The Spy Next Door,2010,6.1
851,1304642,尖峰时刻2 Rush Hour 2,2001,6.6
852,5977836,逆战,2012,6.4
853,10726941,窃听风云3,2014,6.2
854,24987018,赤道,2015,6.0
855,5996800,太极1：从零开始,2012,5.7
856,2994851,血滴子,2012,4.6
857,6985810,狩猎 Jagten,2012,9.0
858,1304447,记忆碎片 Memento,2000,8.5
859,1780330,致命魔术 The Prestige,2006,8.8
860,1397546,追随 Following,1998,8.9
861,4268598,告白,2010,8.7
862,3743114,黄海 황해,2010,8.4
863,25750969,夜行者 Nightcrawler,2014,8.2
864,1293350,"两杆大烟枪 Lock, Stock and Two Smoking Barrels",1998,9.0
865,1862151,疯狂的石头,2006,8.2
866,6307447,被解救的姜戈 Django Unchained,2012,8.5
867,2334904,禁闭岛 Shutter Island,2010,8.6
868,1292217,穆赫兰道 Mulholland Dr.,2001,8.3
869,10745405,冒牌家庭 We're the Millers,2013,7.4
870,3233761,宿醉 The Hangover,2009,7.6
871,11624706,小黄人大眼萌 Minions,2015,7.3
872,1438652,无耻混蛋 Inglourious Basterds,2009,8.4
873,3734112,风声,2009,8.0
874,3011051,恐怖游轮 Triangle,2009,8.3
875,1292343,蝴蝶效应 The Butterfly Effect,2004,8.7
876,24751756,老炮儿,2015,8.0
877,25926267,一个勺子,2014,7.7
878,5422105,窃听风云2,2011,7.5
879,6517421,惊天魔盗团 Now You See Me,2013,7.5
880,26352445,反贪风暴2 S風暴,2016,5.3
881,24860318,但丁密码 Inferno,2016,6.2
882,25921812,驴得水,2016,8.3
883,21937438,抓住那个家伙 몽타주,2013,7.9
884,3992381,不可饶恕 용서는 없다,2010,7.7
885,10437779,新世界 신세계,2013,8.5
886,25766529,走到尽头 끝까지 간다,2014,7.8
887,1304026,我要复仇 복수는 나의 것,2002,7.9
888,4237879,人在囧途,2010,7.4
889,25717233,心花路放,2014,7.0
890,19944106,美人鱼,2016,6.8
891,1388216,撞车 Crash,2004,8.6
892,1295686,盗火线 Heat,1995,8.4
893,1471507,十三罗汉 Ocean's Thirteen,2007,7.3
894,1292344,十二罗汉 Ocean's Twelve,2004,7.1
895,1301345,偷天换日 The Italian Job,2003,7.5
896,1304608,剑鱼行动 Swordfish,2001,7.4
897,1293544,沉默的羔羊 The Silence of the Lambs,1991,8.7
898,1297192,致命ID Identity,2003,8.6
899,1297630,第六感 The Sixth Sense,1999,8.8
900,1309054,天气预报员 The Weather Man,2005,7.6
901,1293434,王牌对王牌 The Negotiator,1998,8.4
902,1296217,一级恐惧 Primal Fear,1996,8.4
903,1305725,大卫·戈尔的一生 The Life of David Gale,2003,8.7
904,1978709,黑天鹅 Black Swan,2010,8.5
905,1820145,理发师陶德 Sweeney Todd: The Demon Barber of Fleet Street,2007,7.7
906,3011308,孤儿怨 Orphan,2009,8.1
907,3836070,孤独的幸存者 Lone Survivor,2013,7.9
908,5157137,勇者行动 Act of Valor,2012,7.5
909,10774184,豪勇七蛟龙 The Magnificent Seven,2016,7.4
910,10484117,天空之眼 Eye in the Sky,2015,7.8
911,3066739,钢铁侠2 Iron Man 2,2010,7.1
912,1308843,"我，机器人 I, Robot",2004,7.9
913,1820156,我是传奇 I Am Legend,2007,7.8
914,1295250,X战警 X-Men,2000,7.5
915,1306612,蜘蛛侠 Spider-Man,2002,7.4
916,1304141,黑客帝国2：重装上阵 The Matrix Reloaded,2003,8.4
917,1866471,雷神 Thor,2011,6.6
918,1298525,碟中谍2 Mission: Impossible II,2000,7.0
919,1418190,007：大战皇家赌场 Casino Royale,2006,7.4
920,1308848,国家宝藏 National Treasure,2004,7.6
921,1303139,玩命快递 The Transporter,2002,7.2
922,1418192,加勒比海盗3：世界的尽头 Pirates of the Caribbean: At World's End,2007,8.0
923,1293167,生死时速 Speed,1994,8.0
924,1292484,碟中谍 Mission: Impossible,1996,7.9
925,1293537,空军一号 Air Force One,1997,7.4
926,1307812,双旗镇刀客,1991,8.0
927,1295409,纵横四海 緃横四海,1991,8.7
928,1301946,大醉侠 大醉俠,1966,7.5
929,1401962,刀,1995,7.9
930,10563779,嫌疑人 용의자,2013,7.3
931,4249355,孤胆特工 아저씨,2010,8.1
932,1915180,老千 타짜,2006,7.4
933,26088403,检察官外传 검사외전,2016,7.1
934,25862354,局内人 내부자들,2015,7.6
935,3726072,东邪西毒：终极版 東邪西毒終極版,2008,8.7
936,1305690,阿飞正传 阿飛正傳,1990,8.5
937,1291584,杀死比尔2 Kill Bill: Vol. 2,2004,7.8
938,1299603,落水狗 Reservoir Dogs,1992,8.3
939,2080007,金刚不坏 Death Proof,2007,7.6
940,2132932,星际迷航 Star Trek,2009,7.9
941,2129132,超凡蜘蛛侠 The Amazing Spider-Man,2012,7.2
942,1298189,极速60秒 Gone in 60 Seconds,2000,7.3
943,1300537,虎胆龙威2 Die Hard 2,1990,7.7
944,1294323,第一滴血 First Blood,1982,8.1
945,1292677,007之黄金眼 GoldenEye,1995,7.5
946,1293317,断箭 Broken Arrow,1996,7.2
947,1308755,僵尸肖恩 Shaun of the Dead,2004,7.6
948,1300616,买凶拍人 買兇拍人,2001,8.3
949,2003389,葬礼上的死亡 Death at a Funeral,2007,8.1
950,1937257,微不足道 Big Nothing,2006,8.1
951,1301171,偷拐抢骗 Snatch,2000,8.5
952,3026572,世界尽头 The World's End,2013,7.4
953,2044089,杀手没有假期 In Bruges,2008,8.1
954,25787888,八恶人 The Hateful Eight,2015,8.3
955,1292523,侏罗纪公园 Jurassic Park,1993,7.9
956,1302467,黑客帝国3：矩阵革命 The Matrix Revolutions,2003,8.5
957,1293531,第五元素 The Fifth Element,1997,7.9
958,1293475,黄飞鸿之二：男儿当自强 黃飛鴻之二男兒當自強,1992,7.8
959,1294561,太极张三丰 太極張三豐,1993,7.4
960,1296837,新少林五祖,1994,7.6
961,1400868,警察故事,1985,7.6
962,1294991,精武门 精武門,1972,8.4
963,1307577,唐山大兄,1971,7.6
964,1293118,龙争虎斗 Enter the Dragon,1973,8.1
965,1300361,第一滴血2 Rambo: First Blood Part II,1985,7.7
966,1306870,猛龙过江 猛龍過江,1972,8.2
967,1308456,死亡游戏 Game of Death,1978,7.7
968,1295106,鼠胆龙威 鼠膽龍威,1995,7.0
969,1295746,黑侠,1996,6.7
970,3578981,叶问2：宗师传奇,2010,7.2
971,1297194,杀手之王 殺手之王,1998,6.6
972,1302753,飞鹰计划 飛鷹計劃,1991,7.4
973,1297909,A计划 A計劃,1983,7.7
974,1296978,双龙会 雙龍會,1992,7.3
975,1307319,醉拳2 醉拳Ⅱ,1994,7.5
976,1299502,霹雳火 霹靂火,1995,6.7
977,1295547,一个好人 一個好人,1997,6.8
978,1292867,快餐车,1984,7.3
979,2284851,精英部队 Tropa de Elite,2007,7.9
980,1292208,上帝之城 Cidade de Deus,2002,8.9
981,1304898,训练日 Training Day,2001,7.9
982,24325861,会计刺客 The Accountant,2016,7.3
983,1309116,怒火救援 Man on Fire,2004,8.1
984,2153526,特工绍特 Salt,2010,7.2
985,1947114,跟踪 跟蹤,2007,7.1
986,1857099,老无所依 No Country for Old Men,2007,8.0
987,3626372,大地惊雷 True Grit,2010,8.1
988,1302434,机动部队 PTU,2003,7.9
989,1867408,伤城,2006,6.8
990,1307694,无间道3：终极无间 無間道III 終極無間,2003,7.8
991,1366853,旺角黑夜,2004,7.3
992,1298492,高度戒备 高度戒備,1997,7.1
993,1292846,省港旗兵,1984,7.7
994,1292633,冲锋队之怒火街头 衝鋒隊之怒火街頭,1996,7.8
995,1296623,两个只能活一个 兩個只能活一個,1997,7.7
996,1759192,3个受伤的警察 3個受傷的警察,1996,7.6
997,1304837,爆裂刑警,1999,7.7
998,1292450,暗花,1998,8.3
999,3013580,意外,2009,7.2
1000,1297304,笑傲江湖,1990,7.8
1001,1394324,东方不败风云再起 東方不敗之風雲再起,1993,7.2
1002,1299059,倚天屠龙记之魔教教主 倚天屠龍記之魔教教主,1993,7.2
1003,1301198,少林寺,1982,7.9
1004,1401205,七剑,2005,5.8
1005,1297517,新天龙八部之天山童姥 新天龍八部之天山童姥,1994,7.2
1006,1947089,投名状,2007,6.9
1007,1295469,风云雄霸天下 風雲雄霸天下,1998,6.8
1008,1295485,方世玉续集,1993,7.5
1009,1292704,黄飞鸿之三：狮王争霸 黃飛鴻之三獅王爭霸,1993,7.7
1010,1296161,忠烈图 忠烈圖,1975,8.1
1011,1306021,山中传奇 山中傳奇,1979,8.1
1012,1302128,新独臂刀 新獨臂刀,1971,8.0
1013,1419920,名剑 名劍,1980,7.5
1014,1297979,独臂刀 獨臂刀,1967,7.4
1015,1307605,五毒,1978,7.7
1016,25778483,消失的凶手,2015,4.8
1017,24827387,盗墓笔记,2016,4.7
1018,25742299,暴疯语,2014,5.9
1019,25778488,宅女侦探桂香,2015,4.1
1020,26315270,冰河追凶,2016,5.7
1021,26220722,惊天破,2016,3.9
1022,10604087,控制,2013,5.8
1023,24714697,银河守卫队 Ratchet and Clank,2016,5.7
1024,26840300,食人岛,2016,2.5
1025,11632596,卧龙岗,2014,2.5
1026,26764514,末日重启 Kill Switch,2017,4.1
1027,26279449,蒸发太平洋 Lost in the Pacific,2016,3.5
1028,26266928,热血雷锋侠之激情营救,2016,2.3
1029,4811813,独立日2：卷土重来 Independence Day: Resurgence,2016,5.7
1030,11526817,刺客信条 Assassin's Creed,2016,5.4
1031,5154799,木星上行 Jupiter Ascending,2015,5.4
1032,6533054,饥饿游戏3：嘲笑鸟(上) The Hunger Games: Mockingjay - Part 1,2014,5.8
1033,3329192,未来警察,2010,3.8
1034,25995508,移动迷宫2 Maze Runner: The Scorch Trials,2015,5.7
1035,27086953,战刀屠狼,2017,
1036,26673947,超级保镖,2016,5.2
1037,20452324,逆路,2017,
1038,26615905,妈妈，让我再爱你一次,2015,3.1
1039,26827878,狼兵吼,2016,2.7
1040,25901066,美丽笨女人,2014,3.9
1041,20558376,复仇少女 Born of War,2013,3.9
1042,26661183,抢红,2017,3.1
1043,26616690,非凡任务,2017,6.4
1044,26605946,毒。诫 毒。誡,2017,4.8
1045,26602966,凶手还未睡 兇手還未睡,2016,4.0
1046,26005517,别有动机,2015,4.3
1047,3863845,钢铁骑士 Max Steel,2016,3.7
1048,26796845,莫斯科陷落 Притяжение,2017,5.0
1049,25891853,铁甲战神 Revolt,2017,4.6
1050,26145167,半机械人 Cyborg X,2015,3.5
1051,26981173,末陨回声 The Recall,2017,3.8
1052,25866686,第五波 The 5th Wave,2016,4.6
1053,26348798,真相禁区,2016,4.5
1054,26596158,魔轮,2016,4.5
1055,25852314,蜜月酒店杀人事件,2016,3.5
1056,26347316,不速之客,2016,4.7
1057,26876595,那年夏天你去了哪里,2016,4.7
1058,26853088,夜魔人,2016,3.9
1059,26608232,妄想症,2016,4.2
1060,1301180,流星蝴蝶剑 流星蝴蝶劍,1976,7.6
1061,1294194,悲情城市,1989,8.8
1062,1305261,恐怖分子 恐怖份子,1986,8.7
1063,1303458,南国再见，南国 南國再見，南國,1996,7.9
1064,1294735,好男好女,1995,7.6
1065,1304476,独立时代 獨立時代,1994,8.8
1066,1310166,咖啡时光 珈琲時光,2003,7.5
1067,1302061,"德州巴黎 Paris, Texas",1984,8.6
1068,1300572,童年往事,1985,8.8
1069,1421809,最好的时光 最好的時光,2005,7.5
1070,1469558,夺魂铃 奪魂鈴,1968,7.3
1071,3441936,龙城十日 龍城十日,1970,7.3
1072,1792928,金刚狼 X-Men Origins: Wolverine,2009,7.1
1073,2146991,变形金刚2 Transformers: Revenge of the Fallen,2009,7.6
1074,3073124,月球 Moon,2009,8.5
1075,1295038,哈利·波特与魔法石 Harry Potter and the Sorcerer's Stone,2001,8.6
1076,7051830,佩小姐的奇幻城堡 Miss Peregrine's Home for Peculiar Children,2016,7.3
1077,11606328,霍比特人2：史矛革之战 The Hobbit: The Desolation of Smaug,2013,8.2
1078,1929463,少年派的奇幻漂流 Life of Pi,2012,9.0
1079,1298070,加勒比海盗 Pirates of the Caribbean: The Curse of the Black Pearl,2003,8.6
1080,3077412,寻龙诀,2015,7.6
1081,25777636,奇幻森林 The Jungle Book,2016,7.8
1082,2131940,魔兽 Warcraft,2016,7.7
1083,1306607,K星异客 K-PAX,2001,8.5
1084,1295647,超时空接触 Contact,1997,8.3
1085,1292226,2001太空漫游 2001: A Space Odyssey,1968,8.6
1086,1291839,银翼杀手 Blade Runner,1982,8.1
1087,1296528,星球大战2：帝国反击战 Star Wars: Episode V - The Empire Strikes Back,1980,8.2
1088,4160540,机械姬 Ex Machina,2015,7.5
1089,1299837,虎胆龙威3 Die Hard: With a Vengeance,1995,7.8
1090,1304899,速度与激情 The Fast and the Furious,2001,7.6
1091,1945336,通缉令 Wanted,2008,7.4
1092,1300399,第一滴血3 Rambo III,1988,7.4
1093,1303773,007之择日而亡 Die Another Day,2002,7.1
1094,1308076,蓝宇 藍宇,2001,8.0
1095,1298112,堕落天使,1995,8.1
1096,1299288,胭脂扣,1988,8.3
1097,1291555,2046,2004,7.4
1098,1296629,倩女幽魂2：人间道 倩女幽魂II 人間道,1990,7.7
1099,1303394,青蛇,1993,8.4
1100,1291879,罗生门 羅生門,1950,8.7
1101,1291822,卢旺达饭店 Hotel Rwanda,2004,8.8
1102,2297265,浪潮 Die Welle,2008,8.7
1103,5322596,超脱 Detachment,2011,8.8
1104,1294639,勇敢的心 Braveheart,1995,8.8
1105,1401118,"黄金三镖客 Il buono, il brutto, il cattivo.",1966,9.1
1106,1295399,七武士 七人の侍,1954,9.2
1107,1306505,红高粱,1987,8.2
1108,1299680,整蛊专家 整蠱專家,1991,7.3
1109,1306951,鹿鼎记2：神龙教 鹿鼎記II 神龍教,1992,7.6
1110,1296201,逃学威龙2 逃學威龍2,1992,7.2
1111,1300566,赌侠,1990,7.3
1112,1297747,少林足球,2001,7.3
1113,1304022,大腕,2001,7.7
1114,1307014,不见不散,1998,7.8
1115,1296253,没完没了,1999,7.5
1116,1308747,手机,2003,7.3
1117,1296436,有话好好说,1997,8.0
1118,1299745,破坏之王,1994,7.2
1119,1304677,千王之王2000,1999,6.7
1120,1293607,算死草,1997,6.8
1121,1400665,济公 濟公,1993,6.9
1122,1308753,公主日记2 The Princess Diaries 2: Royal Engagement,2004,6.9
1123,1307955,辣妈辣妹 Freaky Friday,2003,7.4
1124,1297102,天生一对 The Parent Trap,1998,8.3
1125,1309203,牛仔裤的夏天 The Sisterhood of the Traveling Pants,2005,7.6
1126,1765009,歌舞青春 High School Musical,2006,7.7
1127,1293353,小鬼当家2 Home Alone 2: Lost in New York,1992,7.7
1128,1297570,变相怪杰 The Mask,1994,7.8
1129,1408312,旋风小子,1994,7.8
1130,1307181,"律政俏佳人2 Legally Blonde 2: Red, White & Blonde",2003,6.6
1131,1301173,特工佳丽 Miss Congeniality,2000,6.8
1132,1301509,修女也疯狂 Sister Act,1992,8.0
1133,1433360,雏菊 데이지,2006,8.0
1134,1304073,假如爱有天意 클래식,2003,8.2
1135,3550132,非常主播 과속스캔들,2008,7.9
1136,3157605,巴黎淘气帮 Le petit Nicolas,2009,8.6
1137,11499033,功夫小蝇 Eega,2012,7.4
1138,11589036,功夫熊猫3 Kung Fu Panda 3,2016,7.7
1139,10533913,头脑特工队 Inside Out,2015,8.7
1140,3789848,怪兽大学 Monsters University,2013,8.0
1141,4914468,冰川时代4 Ice Age: Continental Drift,2012,8.0
1142,1299361,爱·回家 집으로...,2002,9.0
1143,1970437,人狗奇缘 마음이...,2006,8.3
1144,5364952,世上最美的离别 세상에서 가장 아름다운 이별,2011,8.3
1145,1301753,狮子王 The Lion King,1994,8.9
1146,1299062,坏孩子的天空 キッズ・リターン,1996,8.4
1147,25724855,房间 Room,2015,8.8
1148,25814707,小森林 冬春篇 リトル・フォレスト 冬・春,2015,8.9
1149,25895901,海街日记 海街diary,2015,8.6
1150,25958787,深夜食堂电影版 映画 深夜食堂,2014,7.8
1151,11500954,编舟记 舟を編む,2013,8.5
1152,1308820,花与爱丽丝 花とアリス,2004,8.1
1153,1292219,关于莉莉周的一切 リリイ·シュシュのすべて,2001,7.8
1154,2365260,爱在暹罗 รักแห่งสยาม,2007,8.3
1155,1292371,四月物语 四月物語,1998,8.1
1156,1914831,盛夏光年,2006,7.2
1157,3732780,第36个故事,2010,7.7
1158,3824672,听说 聽說,2009,8.1
1159,4873490,失恋33天,2011,7.3
1160,4935011,白兔糖 うさぎドロップ,2011,7.9
1161,11529526,中国合伙人,2013,7.6
1162,5344178,11度青春之《老男孩》,2010,8.5
1163,2131459,机器人总动员 WALL·E,2008,9.3
1164,1793491,美食总动员 Ratatouille,2007,8.2
1165,1291575,玩具总动员 Toy Story,1995,8.1
1166,1783457,功夫熊猫 Kung Fu Panda,2008,7.9
1167,3560787,回忆积木小屋 つみきのいえ,2008,9.3
1168,20470074,言叶之庭 言の葉の庭,2013,8.1
1169,1981242,午夜巴塞罗那 Vicky Cristina Barcelona,2008,7.8
1170,1291990,爱在日落黄昏时 Before Sunset,2004,8.7
1171,1291835,迷失东京 Lost in Translation,2003,7.7
1172,1308777,暖暖内含光 Eternal Sunshine of the Spotless Mind,2004,8.4
1173,1950148,赎罪 Atonement,2007,8.2
1174,1308974,偷心 Closer,2004,7.8
1175,1783772,"巴黎，我爱你 Paris, je t'aime",2006,8.3
1176,1291840,走出非洲 Out of Africa,1985,8.5
1177,1293203,人鬼情未了 Ghost,1990,8.2
1178,1293929,廊桥遗梦 The Bridges of Madison County,1995,8.5
1179,1920805,成为简·奥斯汀 Becoming Jane,2007,8.2
1180,1297965,窈窕淑女 My Fair Lady,1964,8.0
1181,1293868,龙凤配 Sabrina,1954,7.7
1182,1293460,雨中曲 Singin' in the Rain,1952,8.9
1183,1304056,茜茜公主 Sissi,1955,8.5
1184,1292212,天使之城 City of Angels,1998,7.9
1185,1298128,西雅图未眠夜 Sleepless in Seattle,1993,7.9
1186,1293825,风月俏佳人 Pretty Woman,1990,7.9
1187,1293555,电子情书 You've Got Mail,1998,7.8
1188,1920796,附注：我爱你 P.S. I Love You,2007,8.1
1189,1309020,全民情敌 Hitch,2005,7.5
1190,1498831,恋爱假期 The Holiday,2006,7.6
1191,3217169,勇士 Warrior,2011,8.9
1192,3007826,摔角王 The Wrestler,2008,8.3
1193,1301169,跳出我天地 Billy Elliot,2000,8.7
1194,1303010,蒙娜丽莎的微笑 Mona Lisa Smile,2003,7.7
1195,1309183,那些最伟大的比赛 The Greatest Game Ever Played,2005,8.0
1196,2077287,激辩风云 The Great Debaters,2007,8.3
1197,1292262,美国往事 Once Upon a Time in America,1984,9.1
1198,1292222,出租车司机 Taxi Driver,1976,8.4
1199,1293770,猎杀U-571 U-571,2000,7.9
1200,1295120,风语战士 Windtalkers,2002,7.5
1201,1889053,芭萨提的颜色 Rang De Basanti,2006,8.6
1202,3041749,天伦之旅 Everybody's Fine,2009,8.6
1203,1308815,胜利之光 Friday Night Lights,2004,8.3
1204,1482089,重振球风 Gridiron Gang,2006,7.8
1205,1862826,万夫莫敌 Invincible,2006,7.7
1206,1857082,后继有人 We Are Marshall,2006,7.7
1207,1437204,一球成名 Goal!,2005,7.4
1208,3178770,马达加斯加3 Madagascar 3: Europe's Most Wanted,2012,8.2
1209,1291577,超人总动员 The Incredibles,2004,7.9
1210,1291586,海底总动员 Finding Nemo,2003,8.2
1211,2357162,冰川时代3 Ice Age: Dawn of the Dinosaurs,2009,8.2
1212,11443314,里约大冒险2 Rio 2,2014,7.6
1213,4824512,驯龙高手2 How to Train Your Dragon 2,2014,7.9
1214,1437342,冰川时代2：融冰之灾 Ice Age: The Meltdown,2006,8.0
1215,1309201,马达加斯加 Madagascar,2005,7.7
1216,1291581,怪物史瑞克 Shrek,2001,7.8
1217,6386345,春娇与志明 春嬌與志明,2012,7.3
1218,10757577,卡罗尔 Carol,2015,8.2
1219,10535568,阿黛尔的生活 La vie d'Adèle,2013,8.3
1220,1308819,BJ单身日记2：理性边缘 Bridget Jones: The Edge of Reason,2004,7.2
1221,1294950,四个婚礼和一个葬礼 Four Weddings and a Funeral,1994,7.4
1222,1295965,我最好朋友的婚礼 My Best Friend's Wedding,1997,7.4
1223,1793929,达拉斯买家俱乐部 Dallas Buyers Club,2013,8.6
1224,4116480,菲利普船长 Captain Phillips,2013,8.1
1225,2997076,华尔街之狼 The Wolf of Wall Street,2013,7.6
1226,26303622,大空头 The Big Short,2015,8.3
1227,6879185,为奴十二年 12 Years a Slave,2013,7.8
1228,25954475,聚焦 Spotlight,2015,8.8
1229,1422957,卡波特 Capote,2005,7.8
1230,1300029,王尔德 Wilde,1997,7.7
1231,1291852,弗里达 Frida,2002,8.7
1232,1793922,我不在那儿 I'm Not There,2007,7.9
1233,1294136,天鹅绒金矿 Velvet Goldmine,1998,8.4
1234,1898223,玫瑰人生 La Môme,2007,8.3
1235,1293683,艾德·伍德 Ed Wood,1994,8.2
1236,24815950,万物理论 The Theory of Everything,2014,8.1
1237,26325320,血战钢锯岭 Hacksaw Ridge,2016,8.7
1238,3071604,丹麦女孩 The Danish Girl,2015,8.0
1239,4709671,胡佛 J. Edgar,2011,7.1
1240,1297233,心之全蚀 Total Eclipse,1995,8.1
1241,3073158,铁娘子：坚固柔情 The Iron Lady,2011,7.6
1242,1296223,伊丽莎白 Elizabeth,1998,7.7
1243,1293414,阮玲玉,1991,8.4
1244,3236520,香奈儿 Coco Chanel,2008,8.0
1245,1900121,波特小姐 Miss Potter,2006,7.7
1246,1292238,甘地传 Gandhi,1982,8.6
1247,1293708,她比烟花寂寞 Hilary and Jackie,1998,8.4
1248,1297007,闪亮的风采 Shine,1996,8.5
1249,6860160,悲惨世界 Les Misérables,2012,8.5
1250,1756073,我们俩,2005,8.6
1251,1306861,我是山姆 I Am Sam,2001,8.8
1252,1300930,冰风暴 The Ice Storm,1997,7.9
1253,1307766,那山那人那狗,1999,8.4
1254,26694988,比海更深 海よりもまだ深く,2016,8.6
1255,10571509,如父如子 そして父になる,2013,8.4
1256,5996409,东京家族 東京家族,2013,8.7
1257,4832288,奇迹 奇跡,2011,8.7
1258,5975206,记我的母亲 わが母の記,2011,8.6
1259,26020796,家族之苦 家族はつらいよ,2016,8.1
1260,1308304,客途秋恨,1990,8.4
1261,1294433,秋刀鱼之味 秋刀魚の味,1962,8.7
1262,1307265,晚春 晩春,1949,8.7
1263,1401842,麦秋 麥秋,1951,8.8
1264,1296834,彼岸花,1958,8.3
1265,1293071,野草莓 Smultronstället,1957,8.7
1266,1291545,大鱼 Big Fish,2003,8.7
1267,1293767,金色池塘 On Golden Pond,1981,8.8
1268,1293341,母女情深 Terms of Endearment,1983,8.1
1269,1292925,伴我同行 Stand by Me,1986,8.9
1270,4847665,壁花少年 The Perks of Being a Wallflower,2012,7.9
1271,24325923,我和厄尔以及将死的女孩 Me and Earl and the Dying Girl,2015,8.1
1272,6985803,少年斯派维的奇异旅行 L'extravagant voyage du jeune et prodigieux T.S. Spivet,2013,8.5
1273,1291850,站台,2000,8.2
1274,1322851,青红,2005,6.9
1275,1297418,麻将,1996,8.5
1276,1299436,风柜来的人 風櫃來的人,1983,8.3
1277,1300056,四百击 Les quatre cents coups,1959,8.7
1278,1292330,恋恋风尘 戀戀風塵,1987,8.5
1279,1307561,青少年哪吒,1992,7.9
1280,1291992,末路狂花 Thelma & Louise,1991,8.7
1281,1292229,天生杀人狂 Natural Born Killers,1994,8.0
1282,3011093,成长教育 An Education,2009,7.7
1283,26667672,校花驾到2蜜桃时代,2015,3.3
1284,25758847,角色,2013,3.4
1285,26657793,奔跑吧有情人,2015,3.7
1286,25712447,我们毕业的夏天,2014,3.3
1287,25837802,欲望北京之地上地下,2014,3.5
1288,10449555,热血街头,2012,4.2
1289,26388555,一万公里的约定 一萬公里的約定,2016,4.6
